ma_lh,ma_hp,ma_lop,so_luong,thoi_gian,ma_hk
LH-0,POL1001,POL1001 1,80,"{'thu': 'T2', 'bd': '1', 'kt': '2', 'phong': ""('2', '6-7', '111-T5')""}",211
LH-1,POL1001,POL1001 2,80,"{'thu': 'T2', 'bd': '4', 'kt': '5', 'phong': ""('2', '6-7', '111-T5')""}",211
LH-2,MAT3562E,"MAT3562E 1,2 CLCMT-KHTT",80,"{'thu': 'T2', 'bd': '6', 'kt': '7', 'phong': ""('2', '6-7', '111-T5')""}",211
LH-3,MAT3562E,MAT3562E 1 CLCMT-KHTT,80,"{'thu': 'T5', 'bd': '6', 'kt': '7', 'phong': ""('2', '6-7', '111-T5')""}",211
LH-4,MAT3562E,MAT3562E 2 CLCMT-KHTT,80,"{'thu': 'T5', 'bd': '6', 'kt': '7', 'phong': ""('2', '6-7', '111-T5')""}",211
LH-5,MAT3554E,MAT3554E CLCMT-KHTT,80,"{'thu': 'T6', 'bd': '8', 'kt': '10', 'phong': ""('2', '6-7', '111-T5')""}",211
LH-6,MAT3554E,MAT3554E CLCMT-KHTT,80,"{'thu': 'T6', 'bd': '8', 'kt': '10', 'phong': ""('2', '6-7', '111-T5')""}",211
LH-7,MAT3563,"MAT3563 1,2 CLCMT-KHTT",80,"{'thu': 'T3', 'bd': '4', 'kt': '5', 'phong': ""('2', '6-7', '111-T5')""}",211
LH-8,MAT3563,MAT3563 1 CLCMT-KHTT,80,"{'thu': 'T4', 'bd': '4', 'kt': '5', 'phong': ""('2', '6-7', '111-T5')""}",211
LH-9,MAT3563,MAT3563 2 CLCMT-KHTT,80,"{'thu': 'T4', 'bd': '4', 'kt': '5', 'phong': ""('2', '6-7', '111-T5')""}",211
LH-10,MAT3542,"MAT3542 1,2 CLCMT-KHTT",80,"{'thu': 'T5', 'bd': '4', 'kt': '5', 'phong': ""('2', '6-7', '111-T5')""}",211
LH-11,MAT3542,MAT3542 1 CLCMT-KHTT,80,"{'thu': 'T6', 'bd': '1', 'kt': '5', 'phong': ""('2', '6-7', '111-T5')""}",211
LH-12,MAT3542,MAT3542 2 CLCMT-KHTT,80,"{'thu': 'T6', 'bd': '1', 'kt': '5', 'phong': ""('2', '6-7', '111-T5')""}",211
LH-13,MAT3539,MAT3539 1 CLCMT-KHTT,80,"{'thu': 'T3', 'bd': '1', 'kt': '2', 'phong': ""('2', '6-7', '111-T5')""}",211
LH-14,MAT3539,MAT3539 1 CLCMT-KHTT,80,"{'thu': 'T4', 'bd': '1', 'kt': '2', 'phong': ""('2', '6-7', '111-T5')""}",211
LH-15,MAT3561E,"MAT3561E 1,2 CLCMT-KHTT",80,"{'thu': 'T5', 'bd': '1', 'kt': '2', 'phong': ""('2', '6-7', '111-T5')""}",211
LH-16,MAT3561E,MAT3561E 1 CLCMT-KHTT,80,"{'thu': 'T6', 'bd': '6', 'kt': '7', 'phong': ""('2', '6-7', '111-T5')""}",211
LH-17,MAT3561E,MAT3561E 2 CLCMT-KHTT,80,"{'thu': 'T6', 'bd': '6', 'kt': '7', 'phong': ""('2', '6-7', '111-T5')""}",211
LH-18,HIS1001,HIS1001 1,80,"{'thu': 'T3', 'bd': '4', 'kt': '5', 'phong': ""('2', '6-7', '111-T5')""}",211
LH-19,HIS1001,HIS1001 2,80,"{'thu': 'T3', 'bd': '9', 'kt': '10', 'phong': ""('2', '6-7', '111-T5')""}",211
LH-20,MAT3533,"MAT3533 1,2,3",80,"{'thu': 'T5', 'bd': '4', 'kt': '5', 'phong': ""('2', '6-7', '111-T5')""}",211
LH-21,MAT3533,MAT3533 1,80,"{'thu': 'T2', 'bd': '1', 'kt': '5', 'phong': ""('2', '6-7', '111-T5')""}",211
LH-22,MAT3533,MAT3533 2,80,"{'thu': 'T2', 'bd': '1', 'kt': '5', 'phong': ""('2', '6-7', '111-T5')""}",211
LH-23,MAT3533,MAT3533 3,80,"{'thu': 'T2', 'bd': '1', 'kt': '5', 'phong': ""('2', '6-7', '111-T5')""}",211
LH-24,MAT3562,"MAT3562 1,2",80,"{'thu': 'T4', 'bd': '6', 'kt': '7', 'phong': ""('2', '6-7', '111-T5')""}",211
LH-25,MAT3562,MAT3562 1,80,"{'thu': 'T4', 'bd': '8', 'kt': '10', 'phong': ""('2', '6-7', '111-T5')""}",211
LH-26,MAT3562,MAT3562 2,80,"{'thu': 'T4', 'bd': '8', 'kt': '10', 'phong': ""('2', '6-7', '111-T5')""}",211
LH-27,MAT3562,"MAT3562 3,4",80,"{'thu': 'T6', 'bd': '1', 'kt': '2', 'phong': ""('2', '6-7', '111-T5')""}",211
LH-28,MAT3562,MAT3562 3,80,"{'thu': 'T6', 'bd': '3', 'kt': '5', 'phong': ""('2', '6-7', '111-T5')""}",211
LH-29,MAT3562,MAT3562 4,80,"{'thu': 'T6', 'bd': '3', 'kt': '5', 'phong': ""('2', '6-7', '111-T5')""}",211
LH-30,MAT3539,MAT3539 2,80,"{'thu': 'T3', 'bd': '4', 'kt': '5', 'phong': ""('2', '6-7', '111-T5')""}",211
LH-31,MAT3539,MAT3539 2,80,"{'thu': 'T4', 'bd': '4', 'kt': '5', 'phong': ""('2', '6-7', '111-T5')""}",211
LH-32,MAT3539,MAT3539 3,80,"{'thu': 'T6', 'bd': '9', 'kt': '10', 'phong': ""('2', '6-7', '111-T5')""}",211
LH-33,MAT3539,MAT3539 3,80,"{'thu': 'T5', 'bd': '1', 'kt': '2', 'phong': ""('2', '6-7', '111-T5')""}",211
LH-34,MAT3311,MAT3311,80,"{'thu': 'T6', 'bd': '3', 'kt': '5', 'phong': ""('2', '6-7', '111-T5')""}",211
LH-35,MAT3345,MAT3345,80,"{'thu': 'T4', 'bd': '6', 'kt': '8', 'phong': ""('2', '6-7', '111-T5')""}",211
LH-36,MAT3318,MAT3318,80,"{'thu': 'T2', 'bd': '3', 'kt': '5', 'phong': ""('2', '6-7', '111-T5')""}",211
LH-37,MAT3361,MAT3361,80,"{'thu': 'T2', 'bd': '1', 'kt': '2', 'phong': ""('2', '6-7', '111-T5')""}",211
LH-38,MAT3361,MAT3361,80,"{'thu': 'T6', 'bd': '4', 'kt': '5', 'phong': ""('2', '6-7', '111-T5')""}",211
LH-39,MAT3423,MAT3423,80,"{'thu': 'T2', 'bd': '4', 'kt': '5', 'phong': ""('2', '6-7', '111-T5')""}",211
LH-40,MAT3423,MAT3423,80,"{'thu': 'T4', 'bd': '4', 'kt': '5', 'phong': ""('2', '6-7', '111-T5')""}",211
LH-41,MAT3406,MAT3406,80,"{'thu': 'T3', 'bd': '1', 'kt': '2', 'phong': ""('2', '6-7', '111-T5')""}",211
LH-42,MAT3406,MAT3406,80,"{'thu': 'T5', 'bd': '1', 'kt': '2', 'phong': ""('2', '6-7', '111-T5')""}",211
LH-43,MAT3418,MAT3418,80,"{'thu': 'T3', 'bd': '4', 'kt': '5', 'phong': ""('2', '6-7', '111-T5')""}",211
LH-44,MAT3418,MAT3418,80,"{'thu': 'T6', 'bd': '1', 'kt': '2', 'phong': ""('2', '6-7', '111-T5')""}",211
LH-45,MAT3364,MAT3364 TNTH,80,"{'thu': 'T3', 'bd': '6', 'kt': '8', 'phong': ""('2', '6-7', '111-T5')""}",211
LH-46,MAT3341,MAT3341 TNTH,80,"{'thu': 'T6', 'bd': '6', 'kt': '8', 'phong': ""('2', '6-7', '111-T5')""}",211
LH-47,MAT3311,MAT3311,80,"{'thu': 'T6', 'bd': '3', 'kt': '5', 'phong': ""('2', '6-7', '111-T5')""}",211
LH-48,MAT3327,MAT3327,80,"{'thu': 'T3', 'bd': '3', 'kt': '5', 'phong': ""('2', '6-7', '111-T5')""}",211
LH-49,MAT3321,MAT3321,80,"{'thu': 'T5', 'bd': '6', 'kt': '8', 'phong': ""('2', '6-7', '111-T5')""}",211
LH-50,POL1001,POL1001 3,80,"{'thu': 'T2', 'bd': '9', 'kt': '10', 'phong': ""('2', '6-7', '111-T5')""}",212
LH-51,MAT3323,MAT3323,80,"{'thu': 'T4', 'bd': '1', 'kt': '3', 'phong': ""('2', '6-7', '111-T5')""}",212
LH-52,MAT3323,MAT3323,80,"{'thu': 'T4', 'bd': '1', 'kt': '3', 'phong': ""('2', '6-7', '111-T5')""}",212
LH-53,MAT3321,MAT3321,80,"{'thu': 'T5', 'bd': '6', 'kt': '8', 'phong': ""('2', '6-7', '111-T5')""}",212
LH-54,MAT3327,MAT3327,80,"{'thu': 'T3', 'bd': '3', 'kt': '5', 'phong': ""('2', '6-7', '111-T5')""}",212
LH-55,MAT3334,MAT3334,80,"{'thu': 'T6', 'bd': '3', 'kt': '5', 'phong': ""('2', '6-7', '111-T5')""}",212
LH-56,MAT3509,MAT3509,80,"{'thu': 'T5', 'bd': '6', 'kt': '8', 'phong': ""('2', '6-7', '111-T5')""}",212
LH-57,MAT3509,MAT3509,80,"{'thu': 'T5', 'bd': '6', 'kt': '8', 'phong': ""('2', '6-7', '111-T5')""}",212
LH-58,MAT3565,"MAT3565 1,2",80,"{'thu': 'T2', 'bd': '6', 'kt': '7', 'phong': ""('2', '6-7', '111-T5')""}",212
LH-59,MAT3565,MAT3565 1,80,"{'thu': 'T5', 'bd': '6', 'kt': '9', 'phong': ""('2', '6-7', '111-T5')""}",212
LH-60,MAT3565,MAT3565 2,80,"{'thu': 'T5', 'bd': '6', 'kt': '9', 'phong': ""('2', '6-7', '111-T5')""}",212
LH-61,MAT3456,MAT3456,80,"{'thu': 'T6', 'bd': '1', 'kt': '3', 'phong': ""('2', '6-7', '111-T5')""}",212
LH-62,MAT3335,MAT3335,80,"{'thu': 'T2', 'bd': '6', 'kt': '8', 'phong': ""('2', '6-7', '111-T5')""}",212
LH-63,HIS1001,HIS1001 3,80,"{'thu': 'T4', 'bd': '1', 'kt': '2', 'phong': ""('2', '6-7', '111-T5')""}",212
LH-64,MAT3383,"MAT3383 1,2",80,"{'thu': 'T2', 'bd': '1', 'kt': '2', 'phong': ""('2', '6-7', '111-T5')""}",212
LH-65,MAT3383,MAT3383 1,80,"{'thu': 'T6', 'bd': '6', 'kt': '10', 'phong': ""('2', '6-7', '111-T5')""}",212
LH-66,MAT3383,MAT3383 2,80,"{'thu': 'T6', 'bd': '6', 'kt': '10', 'phong': ""('2', '6-7', '111-T5')""}",212
LH-67,MAT3388,MAT3388,80,"{'thu': 'T4', 'bd': '4', 'kt': '5', 'phong': ""('2', '6-7', '111-T5')""}",212
LH-68,MAT3388,MAT3388,80,"{'thu': 'T6', 'bd': '4', 'kt': '5', 'phong': ""('2', '6-7', '111-T5')""}",212
LH-69,MAT3391,MAT3392,80,"{'thu': 'T3', 'bd': '4', 'kt': '5', 'phong': ""('2', '6-7', '111-T5')""}",212
LH-70,MAT3391,MAT3392,80,"{'thu': 'T5', 'bd': '4', 'kt': '5', 'phong': ""('2', '6-7', '111-T5')""}",212
LH-71,MAT3392,MAT3391,80,"{'thu': 'T2', 'bd': '6', 'kt': '7', 'phong': ""('2', '6-7', '111-T5')""}",212
LH-72,MAT3392,MAT3391,80,"{'thu': 'T3', 'bd': '6', 'kt': '7', 'phong': ""('2', '6-7', '111-T5')""}",212
LH-73,MAT3562,"MAT3562 5,6",80,"{'thu': 'T2', 'bd': '4', 'kt': '5', 'phong': ""('2', '6-7', '111-T5')""}",212
LH-74,MAT3562,MAT3562 5,80,"{'thu': 'T5', 'bd': '8', 'kt': '10', 'phong': ""('2', '6-7', '111-T5')""}",212
LH-75,MAT3562,MAT3562 6,80,"{'thu': 'T5', 'bd': '8', 'kt': '10', 'phong': ""('2', '6-7', '111-T5')""}",212
LH-76,MAT3399,"MAT3399 1,2",80,"{'thu': 'T4', 'bd': '6', 'kt': '7', 'phong': ""('2', '6-7', '111-T5')""}",212
LH-77,MAT3399,MAT3399 1,80,"{'thu': 'T4', 'bd': '8', 'kt': '10', 'phong': ""('2', '6-7', '111-T5')""}",212
LH-78,MAT3399,MAT3399 2,80,"{'thu': 'T4', 'bd': '8', 'kt': '10', 'phong': ""('2', '6-7', '111-T5')""}",212
LH-79,MAT2034,MAT2034 1,80,"{'thu': 'T3', 'bd': '9', 'kt': '10', 'phong': ""('2', '6-7', '111-T5')""}",212
LH-80,MAT2034,MAT2034 1,80,"{'thu': 'T5', 'bd': '6', 'kt': '7', 'phong': ""('2', '6-7', '111-T5')""}",212
LH-81,MAT3378,"MAT3378 1,2",80,"{'thu': 'T3', 'bd': '6', 'kt': '7', 'phong': ""('2', '6-7', '111-T5')""}",212
LH-82,MAT3378,MAT3378 1,80,"{'thu': 'T4', 'bd': '6', 'kt': '10', 'phong': ""('2', '6-7', '111-T5')""}",212
LH-83,MAT3378,MAT3378 2,80,"{'thu': 'T4', 'bd': '6', 'kt': '10', 'phong': ""('2', '6-7', '111-T5')""}",212
LH-84,MAT3148,"MAT3148 1,2",80,"{'thu': 'T2', 'bd': '4', 'kt': '5', 'phong': ""('2', '6-7', '111-T5')""}",212
LH-85,MAT3148,MAT3148 1,80,"{'thu': 'T2', 'bd': '6', 'kt': '9', 'phong': ""('2', '6-7', '111-T5')""}",212
LH-86,MAT3148,MAT3148 2,80,"{'thu': 'T2', 'bd': '6', 'kt': '9', 'phong': ""('2', '6-7', '111-T5')""}",212
LH-87,MAT3382,"MAT3382 1,2",80,"{'thu': 'T5', 'bd': '9', 'kt': '10', 'phong': ""('2', '6-7', '111-T5')""}",212
LH-88,MAT3382,MAT3382 1,80,"{'thu': 'T6', 'bd': '6', 'kt': '10', 'phong': ""('2', '6-7', '111-T5')""}",212
LH-89,MAT3382,MAT3382 2,80,"{'thu': 'T6', 'bd': '6', 'kt': '10', 'phong': ""('2', '6-7', '111-T5')""}",212
LH-90,MAT3385,"MAT3385 1,2",80,"{'thu': 'T4', 'bd': '4', 'kt': '5', 'phong': ""('2', '6-7', '111-T5')""}",212
LH-91,MAT3385,MAT3385 1,80,"{'thu': 'T3', 'bd': '1', 'kt': '5', 'phong': ""('2', '6-7', '111-T5')""}",212
LH-92,MAT3385,MAT3385 2,80,"{'thu': 'T3', 'bd': '1', 'kt': '5', 'phong': ""('2', '6-7', '111-T5')""}",212
LH-93,MAT3508,"MAT3508 1,2",80,"{'thu': 'T2', 'bd': '1', 'kt': '2', 'phong': ""('2', '6-7', '111-T5')""}",212
LH-94,MAT3508,MAT3508 1,80,"{'thu': 'T5', 'bd': '1', 'kt': '5', 'phong': ""('2', '6-7', '111-T5')""}",212
LH-95,MAT3508,MAT3508 2,80,"{'thu': 'T5', 'bd': '1', 'kt': '5', 'phong': ""('2', '6-7', '111-T5')""}",212
LH-96,MAT2034,MAT2034 2 CLCMT-KHTT,80,"{'thu': 'T3', 'bd': '6', 'kt': '7', 'phong': ""('2', '6-7', '111-T5')""}",212
LH-97,MAT2034,MAT2034 2 CLCMT-KHTT,80,"{'thu': 'T5', 'bd': '9', 'kt': '10', 'phong': ""('2', '6-7', '111-T5')""}",212
LH-98,MAT3550E,"MAT3550E 1,2 CLCMT-KHTT",80,"{'thu': 'T2', 'bd': '1', 'kt': '2', 'phong': ""('2', '6-7', '111-T5')""}",212
LH-99,MAT3550E,MAT3550E 1 CLCMT-KHTT,80,"{'thu': 'T5', 'bd': '1', 'kt': '2', 'phong': ""('2', '6-7', '111-T5')""}",212
LH-100,MAT3550E,MAT3550E 2 CLCMT-KHTT,80,"{'thu': 'T5', 'bd': '1', 'kt': '2', 'phong': ""('2', '6-7', '111-T5')""}",221
LH-101,MAT3553E,"MAT3553E 1,2 CLCMT-KHTT",80,"{'thu': 'T2', 'bd': '3', 'kt': '5', 'phong': ""('2', '6-7', '111-T5')""}",221
LH-102,MAT3553E,MAT3553E 1 CLCMT-KHTT,80,"{'thu': 'T4', 'bd': '3', 'kt': '5', 'phong': ""('2', '6-7', '111-T5')""}",221
LH-103,MAT3553E,MAT3553E 2 CLCMT-KHTT,80,"{'thu': 'T4', 'bd': '3', 'kt': '5', 'phong': ""('2', '6-7', '111-T5')""}",221
LH-104,MAT3543,"MAT3543 1,2 CLCMT-KHTT",80,"{'thu': 'T3', 'bd': '1', 'kt': '2', 'phong': ""('2', '6-7', '111-T5')""}",221
LH-105,MAT3543,MAT3543 1 CLCMT-KHTT,80,"{'thu': 'T6', 'bd': '1', 'kt': '5', 'phong': ""('2', '6-7', '111-T5')""}",221
LH-106,MAT3543,MAT3543 2 CLCMT-KHTT,80,"{'thu': 'T6', 'bd': '1', 'kt': '5', 'phong': ""('2', '6-7', '111-T5')""}",221
LH-107,MAT3541E,"MAT3541E 1,2 CLCMT-KHTT",80,"{'thu': 'T6', 'bd': '6', 'kt': '7', 'phong': ""('2', '6-7', '111-T5')""}",221
LH-108,MAT3541E,MAT3541E 1 CLCMT-KHTT,80,"{'thu': 'T3', 'bd': '4', 'kt': '5', 'phong': ""('2', '6-7', '111-T5')""}",221
LH-109,MAT3541E,MAT3541E 2 CLCMT-KHTT,80,"{'thu': 'T3', 'bd': '4', 'kt': '5', 'phong': ""('2', '6-7', '111-T5')""}",221
LH-110,MAT3376,"MAT3376 1,2,3 CLCMT-KHTT",80,"{'thu': 'T5', 'bd': '6', 'kt': '7', 'phong': ""('2', '6-7', '111-T5')""}",221
LH-111,MAT3376,MAT3376 1 CLCMT-KHTT,80,"{'thu': 'T2', 'bd': '6', 'kt': '10', 'phong': ""('2', '6-7', '111-T5')""}",221
LH-112,MAT3376,MAT3376 2 CLCMT-KHTT,80,"{'thu': 'T2', 'bd': '6', 'kt': '10', 'phong': ""('2', '6-7', '111-T5')""}",221
LH-113,MAT3376,MAT3376 3 CLCMT-KHTT,80,"{'thu': 'T2', 'bd': '6', 'kt': '10', 'phong': ""('2', '6-7', '111-T5')""}",221
LH-114,MAT3559,"MAT3559 1,2,3 CLCMT-KHTT",80,"{'thu': 'T6', 'bd': '9', 'kt': '10', 'phong': ""('2', '6-7', '111-T5')""}",221
LH-115,MAT3559,MAT3559 1 CLCMT-KHTT,80,"{'thu': 'T7', 'bd': '1', 'kt': '3', 'phong': ""('2', '6-7', '111-T5')""}",221
LH-116,MAT3559,MAT3559 2 CLCMT-KHTT,80,"{'thu': 'T7', 'bd': '3', 'kt': '5', 'phong': ""('2', '6-7', '111-T5')""}",221
LH-117,MAT3559,MAT3559 3 CLCMT-KHTT,80,"{'thu': 'T7', 'bd': '6', 'kt': '8', 'phong': ""('2', '6-7', '111-T5')""}",221
LH-118,MAT3374,MAT3374 CLCMT-KHTT,80,"{'thu': 'T3', 'bd': '6', 'kt': '10', 'phong': ""('2', '6-7', '111-T5')""}",221
LH-119,MAT3374,MAT3374 CLCMT-KHTT,80,"{'thu': 'T3', 'bd': '6', 'kt': '10', 'phong': ""('2', '6-7', '111-T5')""}",221
LH-120,MAT3550E,"MAT3550E 3,4 CLCMT-KHTT",80,"{'thu': 'T2', 'bd': '4', 'kt': '5', 'phong': ""('2', '6-7', '111-T5')""}",221
LH-121,MAT3550E,MAT3550E 3 CLCMT-KHTT,80,"{'thu': 'T5', 'bd': '4', 'kt': '5', 'phong': ""('2', '6-7', '111-T5')""}",221
LH-122,MAT3550E,MAT3550E 4 CLCMT-KHTT,80,"{'thu': 'T5', 'bd': '4', 'kt': '5', 'phong': ""('2', '6-7', '111-T5')""}",221
LH-123,MAT3553E,"MAT3553E 3,4 CLCMT-KHTT",80,"{'thu': 'T6', 'bd': '6', 'kt': '8', 'phong': ""('2', '6-7', '111-T5')""}",221
LH-124,MAT3553E,MAT3553E 3 CLCMT-KHTT,80,"{'thu': 'T3', 'bd': '8', 'kt': '10', 'phong': ""('2', '6-7', '111-T5')""}",221
LH-125,MAT3553E,MAT3553E 4 CLCMT-KHTT,80,"{'thu': 'T3', 'bd': '8', 'kt': '10', 'phong': ""('2', '6-7', '111-T5')""}",221
LH-126,MAT3543,"MAT3543 3,4 CLCMT-KHTT",80,"{'thu': 'T3', 'bd': '4', 'kt': '5', 'phong': ""('2', '6-7', '111-T5')""}",221
LH-127,MAT3543,MAT3543 3 CLCMT-KHTT,80,"{'thu': 'T6', 'bd': '6', 'kt': '10', 'phong': ""('2', '6-7', '111-T5')""}",221
LH-128,MAT3543,MAT3543 4 CLCMT-KHTT,80,"{'thu': 'T6', 'bd': '6', 'kt': '10', 'phong': ""('2', '6-7', '111-T5')""}",221
LH-129,MAT3541E,"MAT3541E 3,4 CLCMT-KHTT",80,"{'thu': 'T4', 'bd': '4', 'kt': '5', 'phong': ""('2', '6-7', '111-T5')""}",221
LH-130,MAT3541E,MAT3541E 3 CLCMT-KHTT,80,"{'thu': 'T3', 'bd': '1', 'kt': '2', 'phong': ""('2', '6-7', '111-T5')""}",221
LH-131,MAT3541E,MAT3541E 4 CLCMT-KHTT,80,"{'thu': 'T3', 'bd': '1', 'kt': '2', 'phong': ""('2', '6-7', '111-T5')""}",221
LH-132,MAT2411E,MAT2411E CLCMT-KHTT,80,"{'thu': 'T4', 'bd': '1', 'kt': '2', 'phong': ""('2', '6-7', '111-T5')""}",221
LH-133,MAT2411E,MAT2411E CLCMT-KHTT,80,"{'thu': 'T6', 'bd': '4', 'kt': '5', 'phong': ""('2', '6-7', '111-T5')""}",221
LH-134,PHY1103,PHY1103 1,80,"{'thu': 'T4', 'bd': '1', 'kt': '2', 'phong': ""('2', '6-7', '111-T5')""}",221
LH-135,MAT3409,MAT3409,80,"{'thu': 'T4', 'bd': '6', 'kt': '7', 'phong': ""('2', '6-7', '111-T5')""}",221
LH-136,MAT3409,MAT3409,80,"{'thu': 'T6', 'bd': '6', 'kt': '7', 'phong': ""('2', '6-7', '111-T5')""}",221
LH-137,MAT3514,"MAT3514 1,2,3",80,"{'thu': 'T2', 'bd': '1', 'kt': '3', 'phong': ""('2', '6-7', '111-T5')""}",221
LH-138,MAT3514,MAT3514 1,80,"{'thu': 'T5', 'bd': '1', 'kt': '5', 'phong': ""('2', '6-7', '111-T5')""}",221
LH-139,MAT3514,MAT3514 2,80,"{'thu': 'T5', 'bd': '1', 'kt': '5', 'phong': ""('2', '6-7', '111-T5')""}",221
LH-140,MAT3514,MAT3514 3,80,"{'thu': 'T5', 'bd': '1', 'kt': '5', 'phong': ""('2', '6-7', '111-T5')""}",221
LH-141,MAT3366,MAT3366,80,"{'thu': 'T3', 'bd': '6', 'kt': '8', 'phong': ""('2', '6-7', '111-T5')""}",221
LH-142,MAT3366,MAT3366,80,"{'thu': 'T3', 'bd': '6', 'kt': '8', 'phong': ""('2', '6-7', '111-T5')""}",221
LH-143,MAT2315,MAT2315 1,80,"{'thu': 'T6', 'bd': '1', 'kt': '2', 'phong': ""('2', '6-7', '111-T5')""}",221
LH-144,MAT2315,MAT2315 1,80,"{'thu': 'T6', 'bd': '1', 'kt': '3', 'phong': ""('2', '6-7', '111-T5')""}",221
LH-145,MAT2407,MAT2407,80,"{'thu': 'T4', 'bd': '4', 'kt': '5', 'phong': ""('2', '6-7', '111-T5')""}",221
LH-146,MAT2407,MAT2407,80,"{'thu': 'T2', 'bd': '4', 'kt': '5', 'phong': ""('2', '6-7', '111-T5')""}",221
LH-147,MAT2307,MAT2307,80,"{'thu': 'T6', 'bd': '3', 'kt': '5', 'phong': ""('2', '6-7', '111-T5')""}",221
LH-148,MAT2307,MAT2307,80,"{'thu': 'T3', 'bd': '4', 'kt': '5', 'phong': ""('2', '6-7', '111-T5')""}",221
LH-149,MAT3301,MAT3301,80,"{'thu': 'T5', 'bd': '1', 'kt': '2', 'phong': ""('2', '6-7', '111-T5')""}",221
LH-150,MAT3301,MAT3301,80,"{'thu': 'T6', 'bd': '1', 'kt': '2', 'phong': ""('2', '6-7', '111-T5')""}",222
LH-151,MAT3302,MAT3302 1,80,"{'thu': 'T4', 'bd': '1', 'kt': '3', 'phong': ""('2', '6-7', '111-T5')""}",222
LH-152,MAT3302,MAT3302 2,80,"{'thu': 'T2', 'bd': '4', 'kt': '5', 'phong': ""('2', '6-7', '111-T5')""}",222
LH-153,MAT3307,MAT3307 1,80,"{'thu': 'T2', 'bd': '1', 'kt': '3', 'phong': ""('2', '6-7', '111-T5')""}",222
LH-154,MAT2315,MAT2315 2,80,"{'thu': 'T4', 'bd': '4', 'kt': '5', 'phong': ""('2', '6-7', '111-T5')""}",222
LH-155,MAT2315,MAT2315 2,80,"{'thu': 'T6', 'bd': '1', 'kt': '3', 'phong': ""('2', '6-7', '111-T5')""}",222
LH-156,MAT3304,MAT3304 1,80,"{'thu': 'T3', 'bd': '1', 'kt': '3', 'phong': ""('2', '6-7', '111-T5')""}",222
LH-157,MAT3304,MAT3304 1,80,"{'thu': 'T3', 'bd': '1', 'kt': '3', 'phong': ""('2', '6-7', '111-T5')""}",222
LH-158,MAT2313,MAT2313 TNTH,80,"{'thu': 'T2', 'bd': '6', 'kt': '8', 'phong': ""('2', '6-7', '111-T5')""}",222
LH-159,MAT2313,MAT2313 TNTH,80,"{'thu': 'T5', 'bd': '4', 'kt': '5', 'phong': ""('2', '6-7', '111-T5')""}",222
LH-160,MAT2307,MAT2307,80,"{'thu': 'T6', 'bd': '3', 'kt': '5', 'phong': ""('2', '6-7', '111-T5')""}",222
LH-161,MAT2307,MAT2307,80,"{'thu': 'T3', 'bd': '4', 'kt': '5', 'phong': ""('2', '6-7', '111-T5')""}",222
LH-162,MAT3302,MAT3302 3,80,"{'thu': 'T4', 'bd': '1', 'kt': '3', 'phong': ""('2', '6-7', '111-T5')""}",222
LH-163,MAT3302,MAT3302 4,80,"{'thu': 'T2', 'bd': '4', 'kt': '5', 'phong': ""('2', '6-7', '111-T5')""}",222
LH-164,MAT3307,MAT3307 2 TNTH,80,"{'thu': 'T3', 'bd': '1', 'kt': '3', 'phong': ""('2', '6-7', '111-T5')""}",222
LH-165,MAT3304,MAT3304 2 TNTH,80,"{'thu': 'T5', 'bd': '1', 'kt': '3', 'phong': ""('2', '6-7', '111-T5')""}",222
LH-166,MAT3304,MAT3304 2 TNTH,80,"{'thu': 'T5', 'bd': '1', 'kt': '3', 'phong': ""('2', '6-7', '111-T5')""}",222
LH-167,MAT2315,MAT2315 3 TNTH,80,"{'thu': 'T6', 'bd': '1', 'kt': '2', 'phong': ""('2', '6-7', '111-T5')""}",222
LH-168,MAT2315,MAT2315 3 TNTH,80,"{'thu': 'T6', 'bd': '1', 'kt': '3', 'phong': ""('2', '6-7', '111-T5')""}",222
LH-169,PEC1008,PEC1008 1,80,"{'thu': 'T5', 'bd': '1', 'kt': '2', 'phong': ""('2', '6-7', '111-T5')""}",222
LH-170,PHY1103,PHY1103 1,80,"{'thu': 'T5', 'bd': '1', 'kt': '2', 'phong': ""('2', '6-7', '111-T5')""}",222
LH-171,MAT2503,MAT2503 1,80,"{'thu': 'T6', 'bd': '3', 'kt': '5', 'phong': ""('2', '6-7', '111-T5')""}",222
LH-172,MAT2503,MAT2503 1,80,"{'thu': 'T6', 'bd': '3', 'kt': '5', 'phong': ""('2', '6-7', '111-T5')""}",222
LH-173,MAT2323,MAT2323,80,"{'thu': 'T3', 'bd': '3', 'kt': '5', 'phong': ""('2', '6-7', '111-T5')""}",222
LH-174,MAT2323,MAT2323,80,"{'thu': 'T6', 'bd': '1', 'kt': '2', 'phong': ""('2', '6-7', '111-T5')""}",222
LH-175,MAT3372,"MAT3372 1,2,3",80,"{'thu': 'T2', 'bd': '9', 'kt': '10', 'phong': ""('2', '6-7', '111-T5')""}",222
LH-176,MAT3372,MAT3372 1,80,"{'thu': 'T4', 'bd': '1', 'kt': '5', 'phong': ""('2', '6-7', '111-T5')""}",222
LH-177,MAT3372,MAT3372 2,80,"{'thu': 'T4', 'bd': '1', 'kt': '5', 'phong': ""('2', '6-7', '111-T5')""}",222
LH-178,MAT3372,MAT3372 3,80,"{'thu': 'T4', 'bd': '1', 'kt': '5', 'phong': ""('2', '6-7', '111-T5')""}",222
LH-179,MAT3507,"MAT3507 1,2,3",80,"{'thu': 'T2', 'bd': '6', 'kt': '8', 'phong': ""('2', '6-7', '111-T5')""}",222
LH-180,MAT3507,MAT3507 1,80,"{'thu': 'T3', 'bd': '6', 'kt': '10', 'phong': ""('2', '6-7', '111-T5')""}",222
LH-181,MAT3507,MAT3507 2,80,"{'thu': 'T3', 'bd': '6', 'kt': '10', 'phong': ""('2', '6-7', '111-T5')""}",222
LH-182,MAT3507,MAT3507 3,80,"{'thu': 'T3', 'bd': '6', 'kt': '10', 'phong': ""('2', '6-7', '111-T5')""}",222
LH-183,PHI1002,PHI1002 1,80,"{'thu': 'T6', 'bd': '6', 'kt': '7', 'phong': ""('2', '6-7', '111-T5')""}",222
LH-184,PHY1100,PHY1100 3 KTKTKHMT-TT,80,"{'thu': 'T3', 'bd': '4', 'kt': '5', 'phong': ""('2', '6-7', '111-T5')""}",222
LH-185,PHY1100,PHY1100 3 KTKTKHMT-TT,80,"{'thu': 'T4', 'bd': '6', 'kt': '7', 'phong': ""('2', '6-7', '111-T5')""}",222
LH-186,MAT2503,MAT2503 2 KTKTKHMT-TT,80,"{'thu': 'T2', 'bd': '6', 'kt': '8', 'phong': ""('2', '6-7', '111-T5')""}",222
LH-187,MAT2503,MAT2503 2 KTKTKHMT-TT,80,"{'thu': 'T2', 'bd': '6', 'kt': '8', 'phong': ""('2', '6-7', '111-T5')""}",222
LH-188,MAT3507,"MAT3507 4,5,6 KTKTKHMT-TT",80,"{'thu': 'T2', 'bd': '3', 'kt': '5', 'phong': ""('2', '6-7', '111-T5')""}",222
LH-189,MAT3507,MAT3507 4 KTKTKHMT-TT,80,"{'thu': 'T6', 'bd': '1', 'kt': '5', 'phong': ""('2', '6-7', '111-T5')""}",222
LH-190,MAT3507,MAT3507 5 KTKTKHMT-TT,80,"{'thu': 'T6', 'bd': '1', 'kt': '5', 'phong': ""('2', '6-7', '111-T5')""}",222
LH-191,MAT3507,MAT3507 6 KTKTKHMT-TT,80,"{'thu': 'T6', 'bd': '1', 'kt': '5', 'phong': ""('2', '6-7', '111-T5')""}",222
LH-192,MAT3514,"MAT3514 4,5,6 KTKTKHMT-TT",80,"{'thu': 'T3', 'bd': '1', 'kt': '3', 'phong': ""('2', '6-7', '111-T5')""}",222
LH-193,MAT3514,MAT3514 4 KTKTKHMT-TT,80,"{'thu': 'T3', 'bd': '6', 'kt': '10', 'phong': ""('2', '6-7', '111-T5')""}",222
LH-194,MAT3514,MAT3514 5 KTKTKHMT-TT,80,"{'thu': 'T3', 'bd': '6', 'kt': '10', 'phong': ""('2', '6-7', '111-T5')""}",222
LH-195,MAT3514,MAT3514 6 KTKTKHMT-TT,80,"{'thu': 'T3', 'bd': '6', 'kt': '10', 'phong': ""('2', '6-7', '111-T5')""}",222
LH-196,PHY1100,PHY1100 4 KTKTKHMT-TT,80,"{'thu': 'T3', 'bd': '6', 'kt': '7', 'phong': ""('2', '6-7', '111-T5')""}",222
LH-197,PHY1100,PHY1100 4 KTKTKHMT-TT,80,"{'thu': 'T6', 'bd': '4', 'kt': '5', 'phong': ""('2', '6-7', '111-T5')""}",222
LH-198,MAT2503,MAT2503 3 KTKTKHMT-TT,80,"{'thu': 'T5', 'bd': '3', 'kt': '5', 'phong': ""('2', '6-7', '111-T5')""}",222
LH-199,MAT2503,MAT2503 3 KTKTKHMT-TT,80,"{'thu': 'T5', 'bd': '3', 'kt': '5', 'phong': ""('2', '6-7', '111-T5')""}",222
LH-200,MAT3507,"MAT3507 7,8,9 KTKTKHMT-TT",80,"{'thu': 'T4', 'bd': '1', 'kt': '3', 'phong': ""('2', '6-7', '111-T5')""}",231
LH-201,MAT3507,MAT3507 7 KTKTKHMT-TT,80,"{'thu': 'T4', 'bd': '6', 'kt': '10', 'phong': ""('2', '6-7', '111-T5')""}",231
LH-202,MAT3507,MAT3507 8 KTKTKHMT-TT,80,"{'thu': 'T4', 'bd': '6', 'kt': '10', 'phong': ""('2', '6-7', '111-T5')""}",231
LH-203,MAT3507,MAT3507 9 KTKTKHMT-TT,80,"{'thu': 'T4', 'bd': '6', 'kt': '10', 'phong': ""('2', '6-7', '111-T5')""}",231
LH-204,MAT3514,"MAT3514 7,8,9 KTKTKHMT-TT",80,"{'thu': 'T6', 'bd': '8', 'kt': '10', 'phong': ""('2', '6-7', '111-T5')""}",231
LH-205,MAT3514,MAT3514 7 KTKTKHMT-TT,80,"{'thu': 'T2', 'bd': '1', 'kt': '5', 'phong': ""('2', '6-7', '111-T5')""}",231
LH-206,MAT3514,MAT3514 8 KTKTKHMT-TT,80,"{'thu': 'T2', 'bd': '1', 'kt': '5', 'phong': ""('2', '6-7', '111-T5')""}",231
LH-207,MAT3514,MAT3514 9 KTKTKHMT-TT,80,"{'thu': 'T2', 'bd': '1', 'kt': '5', 'phong': ""('2', '6-7', '111-T5')""}",231
LH-208,MAT2304,"MAT2304 1,2",80,"{'thu': 'T3', 'bd': '3', 'kt': '5', 'phong': ""('2', '6-7', '111-T5')""}",231
LH-209,MAT2304,MAT2304 1,80,"{'thu': 'T4', 'bd': '1', 'kt': '3', 'phong': ""('2', '6-7', '111-T5')""}",231
LH-210,MAT2304,MAT2304 2,80,"{'thu': 'T4', 'bd': '1', 'kt': '3', 'phong': ""('2', '6-7', '111-T5')""}",231
LH-211,MAT3500,MAT3500,80,"{'thu': 'T2', 'bd': '3', 'kt': '5', 'phong': ""('2', '6-7', '111-T5')""}",231
LH-212,MAT3500,MAT3500,80,"{'thu': 'T4', 'bd': '1', 'kt': '2', 'phong': ""('2', '6-7', '111-T5')""}",231
LH-213,MAT2405,MAT2405,80,"{'thu': 'T5', 'bd': '1', 'kt': '2', 'phong': ""('2', '6-7', '111-T5')""}",231
LH-214,MAT2405,MAT2405,80,"{'thu': 'T6', 'bd': '1', 'kt': '2', 'phong': ""('2', '6-7', '111-T5')""}",231
LH-215,PHY1059,PHY1059,80,"{'thu': 'T4', 'bd': '6', 'kt': '7', 'phong': ""('2', '6-7', '111-T5')""}",231
LH-216,PHY1059,PHY1059,80,"{'thu': 'T5', 'bd': '6', 'kt': '7', 'phong': ""('2', '6-7', '111-T5')""}",231
LH-217,MAT2304,"MAT2304 3,4",80,"{'thu': 'T3', 'bd': '6', 'kt': '8', 'phong': ""('2', '6-7', '111-T5')""}",231
LH-218,MAT2304,MAT2304 3,80,"{'thu': 'T3', 'bd': '1', 'kt': '3', 'phong': ""('2', '6-7', '111-T5')""}",231
LH-219,MAT2304,MAT2304 4,80,"{'thu': 'T3', 'bd': '1', 'kt': '3', 'phong': ""('2', '6-7', '111-T5')""}",231
LH-220,MAT2314,MAT2314,80,"{'thu': 'T5', 'bd': '8', 'kt': '10', 'phong': ""('2', '6-7', '111-T5')""}",231
LH-221,MAT2314,MAT2314,80,"{'thu': 'T3', 'bd': '9', 'kt': '10', 'phong': ""('2', '6-7', '111-T5')""}",231
LH-222,MAT2318,"MAT2318 1,2",80,"{'thu': 'T2', 'bd': '6', 'kt': '7', 'phong': ""('2', '6-7', '111-T5')""}",231
LH-223,MAT2318,MAT2318 1,80,"{'thu': 'T6', 'bd': '1', 'kt': '5', 'phong': ""('2', '6-7', '111-T5')""}",231
LH-224,MAT2318,MAT2318 2,80,"{'thu': 'T6', 'bd': '1', 'kt': '5', 'phong': ""('2', '6-7', '111-T5')""}",231
LH-225,MAT2322,MAT2322 TNTH,80,"{'thu': 'T2', 'bd': '8', 'kt': '10', 'phong': ""('2', '6-7', '111-T5')""}",231
LH-226,MAT2322,MAT2322 TNTH,80,"{'thu': 'T3', 'bd': '9', 'kt': '10', 'phong': ""('2', '6-7', '111-T5')""}",231
LH-227,MAT2322,MAT2322 TNTH,80,"{'thu': 'T6', 'bd': '6', 'kt': '7', 'phong': ""('2', '6-7', '111-T5')""}",231
LH-228,MAT2310,MAT2310 TNTH,80,"{'thu': 'T6', 'bd': '8', 'kt': '10', 'phong': ""('2', '6-7', '111-T5')""}",231
LH-229,MAT2310,MAT2310 TNTH,80,"{'thu': 'T6', 'bd': '8', 'kt': '10', 'phong': ""('2', '6-7', '111-T5')""}",231
LH-230,MAT3305,MAT3305 TNTH,80,"{'thu': 'T5', 'bd': '3', 'kt': '5', 'phong': ""('2', '6-7', '111-T5')""}",231
LH-231,MAT3339,MAT3339 TNTH,80,"{'thu': 'T4', 'bd': '3', 'kt': '5', 'phong': ""('2', '6-7', '111-T5')""}",231
LH-232,MAT2318,MAT2318 3 TNTH,80,"{'thu': 'T2', 'bd': '6', 'kt': '7', 'phong': ""('2', '6-7', '111-T5')""}",231
LH-233,MAT2318,MAT2318 3 TNTH,80,"{'thu': 'T6', 'bd': '1', 'kt': '5', 'phong': ""('2', '6-7', '111-T5')""}",231
LH-234,MAT2308,MAT2308 TNTH,80,"{'thu': 'T3', 'bd': '6', 'kt': '7', 'phong': ""('2', '6-7', '111-T5')""}",231
LH-235,MAT2308,MAT2308 TNTH,80,"{'thu': 'T5', 'bd': '1', 'kt': '2', 'phong': ""('2', '6-7', '111-T5')""}",231
LH-236,MAT2317,"MAT2317 1,2,3",80,"{'thu': 'T3', 'bd': '1', 'kt': '2', 'phong': ""('2', '6-7', '111-T5')""}",231
LH-237,MAT2317,MAT2317 1,80,"{'thu': 'T5', 'bd': '6', 'kt': '10', 'phong': ""('2', '6-7', '111-T5')""}",231
LH-238,MAT2317,MAT2317 2,80,"{'thu': 'T5', 'bd': '6', 'kt': '10', 'phong': ""('2', '6-7', '111-T5')""}",231
LH-239,MAT2317,MAT2317 3,80,"{'thu': 'T5', 'bd': '6', 'kt': '10', 'phong': ""('2', '6-7', '111-T5')""}",231
LH-240,MAT3518,"MAT3518 1,2",80,"{'thu': 'T5', 'bd': '1', 'kt': '2', 'phong': ""('2', '6-7', '111-T5')""}",231
LH-241,MAT3518,MAT3518 1,80,"{'thu': 'T6', 'bd': '6', 'kt': '7', 'phong': ""('2', '6-7', '111-T5')""}",231
LH-242,MAT3518,MAT3518 2,80,"{'thu': 'T6', 'bd': '6', 'kt': '7', 'phong': ""('2', '6-7', '111-T5')""}",231
LH-243,MAT2303,MAT2303,80,"{'thu': 'T5', 'bd': '3', 'kt': '5', 'phong': ""('2', '6-7', '111-T5')""}",231
LH-244,MAT2303,MAT2303,80,"{'thu': 'T2', 'bd': '9', 'kt': '10', 'phong': ""('2', '6-7', '111-T5')""}",231
LH-245,MAT2303,MAT2303,80,"{'thu': 'T6', 'bd': '6', 'kt': '7', 'phong': ""('2', '6-7', '111-T5')""}",231
LH-246,MAT2502,MAT2502,80,"{'thu': 'T4', 'bd': '8', 'kt': '10', 'phong': ""('2', '6-7', '111-T5')""}",231
LH-247,MAT2502,MAT2502,80,"{'thu': 'T6', 'bd': '8', 'kt': '10', 'phong': ""('2', '6-7', '111-T5')""}",231
LH-248,MAT2400,MAT2400 3,80,"{'thu': 'T5', 'bd': '6', 'kt': '8', 'phong': ""('2', '6-7', '111-T5')""}",231
LH-249,MAT2400,MAT2400 3,80,"{'thu': 'T3', 'bd': '3', 'kt': '5', 'phong': ""('2', '6-7', '111-T5')""}",231
LH-250,MAT2301,MAT2301,80,"{'thu': 'T4', 'bd': '8', 'kt': '10', 'phong': ""('2', '6-7', '111-T5')""}",232
LH-251,MAT2301,MAT2301,80,"{'thu': 'T2', 'bd': '4', 'kt': '5', 'phong': ""('2', '6-7', '111-T5')""}",232
LH-252,PHI1006,PHI1006 16,80,"{'thu': 'T3', 'bd': '1', 'kt': '3', 'phong': ""('2', '6-7', '111-T5')""}",232
LH-253,INM1000,"HUS1011 10,11,12,13",80,"{'thu': 'T4', 'bd': '1', 'kt': '2', 'phong': ""('2', '6-7', '111-T5')""}",232
LH-254,MAT2400,"MAT2400 1,2",80,"{'thu': 'T2', 'bd': '3', 'kt': '5', 'phong': ""('2', '6-7', '111-T5')""}",232
LH-255,MAT2400,MAT2400 1,80,"{'thu': 'T5', 'bd': '6', 'kt': '8', 'phong': ""('2', '6-7', '111-T5')""}",232
LH-256,MAT2400,MAT2400 2,80,"{'thu': 'T5', 'bd': '6', 'kt': '8', 'phong': ""('2', '6-7', '111-T5')""}",232
LH-257,MAT2501,"MAT2501 1,2",80,"{'thu': 'T3', 'bd': '6', 'kt': '8', 'phong': ""('2', '6-7', '111-T5')""}",232
LH-258,MAT2501,MAT2501 1,80,"{'thu': 'T4', 'bd': '3', 'kt': '5', 'phong': ""('2', '6-7', '111-T5')""}",232
LH-259,MAT2501,MAT2501 2,80,"{'thu': 'T4', 'bd': '3', 'kt': '5', 'phong': ""('2', '6-7', '111-T5')""}",232
LH-260,MAT2506,"MAT2506 1,2",80,"{'thu': 'T6', 'bd': '3', 'kt': '5', 'phong': ""('2', '6-7', '111-T5')""}",232
LH-261,MAT2506,MAT2506 1,80,"{'thu': 'T6', 'bd': '3', 'kt': '5', 'phong': ""('2', '6-7', '111-T5')""}",232
LH-262,MAT2506,MAT2506 2,80,"{'thu': 'T6', 'bd': '3', 'kt': '5', 'phong': ""('2', '6-7', '111-T5')""}",232
LH-263,PHI1006,PHI1006 13,80,"{'thu': 'T6', 'bd': '6', 'kt': '8', 'phong': ""('2', '6-7', '111-T5')""}",232
LH-264,INM1000,"HUS1011 2,3,4,5",80,"{'thu': 'T6', 'bd': '9', 'kt': '10', 'phong': ""('2', '6-7', '111-T5')""}",232
LH-265,INM1000,HUS1011 2,80,"{'thu': 'T2', 'bd': '9', 'kt': '10', 'phong': ""('2', '6-7', '111-T5')""}",232
LH-266,INM1000,HUS1011 3,80,"{'thu': 'T3', 'bd': '6', 'kt': '8', 'phong': ""('2', '6-7', '111-T5')""}",232
LH-267,INM1000,HUS1011 4,80,"{'thu': 'T4', 'bd': '3', 'kt': '4', 'phong': ""('2', '6-7', '111-T5')""}",232
LH-268,INM1000,HUS1011 4,80,"{'thu': 'T5', 'bd': '3', 'kt': '5', 'phong': ""('2', '6-7', '111-T5')""}",232
LH-269,MAT2501,"MAT2501 3,4",80,"{'thu': 'T2', 'bd': '3', 'kt': '5', 'phong': ""('2', '6-7', '111-T5')""}",232
LH-270,MAT2501,MAT2501 3,80,"{'thu': 'T5', 'bd': '6', 'kt': '8', 'phong': ""('2', '6-7', '111-T5')""}",232
LH-271,MAT2501,MAT2501 4,80,"{'thu': 'T5', 'bd': '6', 'kt': '8', 'phong': ""('2', '6-7', '111-T5')""}",232
LH-272,MAT3557,"MAT3557 1,2,3",80,"{'thu': 'T2', 'bd': '6', 'kt': '7', 'phong': ""('2', '6-7', '111-T5')""}",232
LH-273,MAT2505,"MAT2505 1,2,3,4",80,"{'thu': 'T6', 'bd': '8', 'kt': '9', 'phong': ""('2', '6-7', '111-T5')""}",232
LH-274,PHI1006,PHI1006 14,80,"{'thu': 'T6', 'bd': '6', 'kt': '8', 'phong': ""('2', '6-7', '111-T5')""}",232
LH-275,INM1000,"HUS1011 6,7,8,9",80,"{'thu': 'T4', 'bd': '6', 'kt': '7', 'phong': ""('2', '6-7', '111-T5')""}",232
LH-276,INM1000,HUS1011 6,80,"{'thu': 'T2', 'bd': '6', 'kt': '8', 'phong': ""('2', '6-7', '111-T5')""}",232
LH-277,INM1000,HUS1011 7,80,"{'thu': 'T3', 'bd': '9', 'kt': '10', 'phong': ""('2', '6-7', '111-T5')""}",232
LH-278,INM1000,HUS1011 8,80,"{'thu': 'T4', 'bd': '6', 'kt': '7', 'phong': ""('2', '6-7', '111-T5')""}",232
LH-279,INM1000,HUS1011 8,80,"{'thu': 'T5', 'bd': '6', 'kt': '8', 'phong': ""('2', '6-7', '111-T5')""}",232
LH-280,MAT2501,"MAT2501 5,6",80,"{'thu': 'T5', 'bd': '3', 'kt': '5', 'phong': ""('2', '6-7', '111-T5')""}",232
LH-281,MAT2501,MAT2501 5,80,"{'thu': 'T3', 'bd': '6', 'kt': '8', 'phong': ""('2', '6-7', '111-T5')""}",232
LH-282,MAT2501,MAT2501 6,80,"{'thu': 'T3', 'bd': '6', 'kt': '8', 'phong': ""('2', '6-7', '111-T5')""}",232
LH-283,MAT3557,"MAT3557 4,5,6",80,"{'thu': 'T4', 'bd': '4', 'kt': '5', 'phong': ""('2', '6-7', '111-T5')""}",232
LH-284,MAT3557,MAT3557 4,80,"{'thu': 'T2', 'bd': '1', 'kt': '5', 'phong': ""('2', '6-7', '111-T5')""}",232
LH-285,MAT3557,MAT3557 5,80,"{'thu': 'T2', 'bd': '1', 'kt': '5', 'phong': ""('2', '6-7', '111-T5')""}",232
LH-286,MAT3557,MAT3557 6,80,"{'thu': 'T2', 'bd': '1', 'kt': '5', 'phong': ""('2', '6-7', '111-T5')""}",232
LH-287,MAT2506,MAT2506 4,80,"{'thu': 'T6', 'bd': '3', 'kt': '5', 'phong': ""('2', '6-7', '111-T5')""}",232
LH-288,MAT2505,"MAT2505 5,6,7,8",80,"{'thu': 'T4', 'bd': '6', 'kt': '7', 'phong': ""('2', '6-7', '111-T5')""}",232
LH-289,MAT2300,"MAT2300 1,2",80,"{'thu': 'T6', 'bd': '3', 'kt': '5', 'phong': ""('2', '6-7', '111-T5')""}",232
LH-290,MAT2300,MAT2300 1,80,"{'thu': 'T4', 'bd': '1', 'kt': '2', 'phong': ""('2', '6-7', '111-T5')""}",232
LH-291,MAT2300,MAT2300 2,80,"{'thu': 'T4', 'bd': '1', 'kt': '2', 'phong': ""('2', '6-7', '111-T5')""}",232
LH-292,MAT2302,"MAT2302 1,2",80,"{'thu': 'T2', 'bd': '3', 'kt': '5', 'phong': ""('2', '6-7', '111-T5')""}",232
LH-293,MAT2302,MAT2302 1,80,"{'thu': 'T3', 'bd': '4', 'kt': '5', 'phong': ""('2', '6-7', '111-T5')""}",232
LH-294,MAT2302,MAT2302 2,80,"{'thu': 'T3', 'bd': '4', 'kt': '5', 'phong': ""('2', '6-7', '111-T5')""}",232
LH-295,MAT2302,MAT2302 1,80,"{'thu': 'T4', 'bd': '4', 'kt': '5', 'phong': ""('2', '6-7', '111-T5')""}",232
LH-296,MAT2302,MAT2302 2,80,"{'thu': 'T4', 'bd': '4', 'kt': '5', 'phong': ""('2', '6-7', '111-T5')""}",232
LH-297,PHI1006,PHI1006 11,80,"{'thu': 'T2', 'bd': '8', 'kt': '10', 'phong': ""('2', '6-7', '111-T5')""}",232
LH-298,MAT2320,MAT2320 TNTH,80,"{'thu': 'T3', 'bd': '3', 'kt': '5', 'phong': ""('2', '6-7', '111-T5')""}",232
LH-299,MAT2320,MAT2320 TNTH,80,"{'thu': 'T5', 'bd': '1', 'kt': '3', 'phong': ""('2', '6-7', '111-T5')""}",232
LH-300,MAT2302,MAT2302 3 TNTH,80,"{'thu': 'T4', 'bd': '1', 'kt': '3', 'phong': ""('2', '6-7', '111-T5')""}",232
LH-301,MAT2302,MAT2302 3 TNTH,80,"{'thu': 'T2', 'bd': '6', 'kt': '7', 'phong': ""('2', '6-7', '111-T5')""}",232
LH-302,MAT2302,MAT2302 3 TNTH,80,"{'thu': 'T5', 'bd': '4', 'kt': '5', 'phong': ""('2', '6-7', '111-T5')""}",232
LH-303,PHY1066,PHY1066 TNTH,80,"{'thu': 'T4', 'bd': '9', 'kt': '10', 'phong': ""('2', '6-7', '111-T5')""}",232
LH-304,PHY1066,PHY1066 TNTH,80,"{'thu': 'T5', 'bd': '8', 'kt': '10', 'phong': ""('2', '6-7', '111-T5')""}",232
LH-305,PHI1006,PHI1006 12,80,"{'thu': 'T2', 'bd': '1', 'kt': '3', 'phong': ""('2', '6-7', '111-T5')""}",232
LH-306,MAT2300,"MAT2300 3,4",80,"{'thu': 'T5', 'bd': '6', 'kt': '8', 'phong': ""('2', '6-7', '111-T5')""}",232
LH-307,MAT2300,MAT2300 3,80,"{'thu': 'T4', 'bd': '4', 'kt': '5', 'phong': ""('2', '6-7', '111-T5')""}",232
LH-308,MAT2300,MAT2300 4,80,"{'thu': 'T4', 'bd': '4', 'kt': '5', 'phong': ""('2', '6-7', '111-T5')""}",232
LH-309,MAT2302,"MAT2302 4,5",80,"{'thu': 'T2', 'bd': '6', 'kt': '8', 'phong': ""('2', '6-7', '111-T5')""}",232
LH-310,MAT2302,MAT2302 5,80,"{'thu': 'T4', 'bd': '1', 'kt': '2', 'phong': ""('2', '6-7', '111-T5')""}",232
LH-311,MAT2302,MAT2302 4,80,"{'thu': 'T6', 'bd': '6', 'kt': '7', 'phong': ""('2', '6-7', '111-T5')""}",232
LH-312,MAT2302,MAT2302 5,80,"{'thu': 'T6', 'bd': '6', 'kt': '7', 'phong': ""('2', '6-7', '111-T5')""}",232
